{"cameraMode":{"drawMode":0,"name":"Shaded","section":"Shading Mode"},"sceneLighting":false,"audioPlay":false,"sceneViewState":{"showFog":true,"showMaterialUpdate":true,"showSkybox":false,"showFlares":true,"showImageEffects":true,"showParticleSystems":true},"in2DMode":false,"pivot":{"x":0.0,"y":-0.018000006675720216,"z":-0.025000005960464479},"rotation":{"x":0.16098497807979585,"y":0.005030563101172447,"z":0.0008206084021367133,"w":-0.9869453310966492},"size":6.224273681640625,"orthographic":false}