{"cameraMode":{"drawMode":0,"name":"Shaded","section":"Shading Mode"},"sceneLighting":false,"audioPlay":false,"sceneViewState":{"showFog":true,"showMaterialUpdate":true,"showSkybox":false,"showFlares":true,"showImageEffects":true,"showParticleSystems":true},"in2DMode":false,"pivot":{"x":0.11782342195510864,"y":0.47736069560050967,"z":-0.3365309238433838},"rotation":{"x":0.16098497807979585,"y":0.005030563101172447,"z":0.0008206084021367133,"w":-0.9869453310966492},"size":1.6437997817993165,"orthographic":false}