{"cameraMode":{"drawMode":0,"name":"Shaded","section":"Shading Mode"},"sceneLighting":true,"audioPlay":false,"sceneViewState":{"showFog":true,"showMaterialUpdate":true,"showSkybox":true,"showFlares":true,"showImageEffects":true,"showParticleSystems":true},"in2DMode":false,"pivot":{"x":0.0,"y":-0.018000006675720216,"z":-0.025000005960464479},"rotation":{"x":0.07457511126995087,"y":0.034992147237062457,"z":0.0026185570750385525,"w":-0.9965997338294983},"size":4.124272346496582,"orthographic":false}