{"cameraMode":{"drawMode":0,"name":"Shaded","section":"Shading Mode"},"sceneLighting":false,"audioPlay":false,"sceneViewState":{"showFog":true,"showMaterialUpdate":true,"showSkybox":false,"showFlares":true,"showImageEffects":true,"showParticleSystems":true},"in2DMode":false,"pivot":{"x":1.0181728601455689,"y":1.4027742147445679,"z":0.04842376708984375},"rotation":{"x":0.07457511126995087,"y":0.034992147237062457,"z":0.0026185570750385525,"w":-0.9965997338294983},"size":212.09048461914063,"orthographic":false}